bookingID,label
60129542163,0
953482739879,0
738734375058,1
146028888189,0
223338299515,0
1305670058082,1
377957122124,0
1649267441794,0
1589137899548,0
549755814017,0
1657857376386,0
1657857376339,0
764504178727,0
884763263075,1
712964571273,0
1005022347337,0
309237645339,0
429496729760,0
1520418422871,0
343597383811,0
575525617726,0
137438953505,0
1194000908350,1
481036337232,1
1288490188967,0
249108103350,0
1194000908300,0
455266533394,0
369367187600,0
1073741824050,0
738734374924,0
678604832836,1
1142461300890,0
1520418422933,1
240518168737,0
1340029796489,0
515396075694,0
747324309505,0
8589934671,0
670014898209,0
180388626620,1
850403524661,1
515396075694,1
163208757276,0
1082331758609,0
730144440322,0
755914244221,0
283467841627,0
618475290765,1
1099511627784,0
8589934626,0
